{
	"H": [1.00797, "Hydrogen", 1],
	"He": [4.0026, "Helium", 2],
	"Li": [6.941, "Lithium", 3],
	"Be": [9.01218, "Beryllium", 4],
	"B": [10.81, "Boron", 5],
	"C": [12.011, "Carbon", 6],
	"N": [14.0067, "Nitrogen", 7],
	"O": [15.9994, "Oxygen", 8],
	"F": [18.998403, "Fluorine", 9],
	"Ne": [20.179, "Neon", 10],
	"Na": [22.98977, "Sodium", 11],
	"Mg": [24.305, "Magnesium", 12],
	"Al": [26.98154, "Aluminum", 13],
	"Si": [28.0855, "Silicon", 14],
	"P": [30.97376, "Phosphorus", 15],
	"S": [32.06, "Sulfur", 16],
	"Cl": [35.453, "Chlorine", 17],
	"K": [39.0983, "Potassium", 19],
	"Ar": [39.948, "Argon", 18],
	"Ca": [40.08, "Calcium", 20],
	"Sc": [44.9559, "Scandium", 21],
	"Ti": [47.9, "Titanium", 22],
	"V": [50.9415, "Vanadium", 23],
	"Cr": [51.996, "Chromium", 24],
	"Mn": [54.938, "Manganese", 25],
	"Fe": [55.847, "Iron", 26],
	"Ni": [58.7, "Nickel", 28],
	"Co": [58.9332, "Cobalt", 27],
	"Cu": [63.546, "Copper", 29],
	"Zn": [65.38, "Zinc", 30],
	"Ga": [69.72, "Gallium", 31],
	"Ge": [72.59, "Germanium", 32],
	"As": [74.9216, "Arsenic", 33],
	"Se": [78.96, "Selenium", 34],
	"Br": [79.904, "Bromine", 35],
	"Kr": [83.8, "Krypton", 36],
	"Rb": [85.4678, "Rubidium", 37],
	"Sr": [87.62, "Strontium", 38],
	"Y": [88.9059, "Yttrium", 39],
	"Zr": [91.22, "Zirconium", 40],
	"Nb": [92.9064, "Niobium", 41],
	"Mo": [95.94, "Molybdenum", 42],
	"Tc": [98.0, "Technetium", 43],
	"Ru": [101.07, "Ruthenium", 44],
	"Rh": [102.9055, "Rhodium", 45],
	"Pd": [106.4, "Palladium", 46],
	"Ag": [107.868, "Silver", 47],
	"Cd": [112.41, "Cadmium", 48],
	"In": [114.82, "Indium", 49],
	"Sn": [118.69, "Tin", 50],
	"Sb": [121.75, "Antimony", 51],
	"I": [126.9045, "Iodine", 53],
	"Te": [127.6, "Tellurium", 52],
	"Xe": [131.3, "Xenon", 54],
	"Cs": [132.9054, "Cesium", 55],
	"Ba": [137.33, "Barium", 56],
	"La": [138.9055, "Lanthanum", 57],
	"Ce": [140.12, "Cerium", 58],
	"Pr": [140.9077, "Praseodymium", 59],
	"Nd": [144.24, "Neodymium", 60],
	"Pm": [145.0, "Promethium", 61],
	"Sm": [150.4, "Samarium", 62],
	"Eu": [151.96, "Europium", 63],
	"Gd": [157.25, "Gadolinium", 64],
	"Tb": [158.9254, "Terbium", 65],
	"Dy": [162.5, "Dysprosium", 66],
	"Ho": [164.9304, "Holmium", 67],
	"Er": [167.26, "Erbium", 68],
	"Tm": [168.9342, "Thulium", 69],
	"Yb": [173.04, "Ytterbium", 70],
	"Lu": [174.967, "Lutetium", 71],
	"Hf": [178.49, "Hafnium", 72],
	"Ta": [180.9479, "Tantalum", 73],
	"W": [183.85, "Tungsten", 74],
	"Re": [186.207, "Rhenium", 75],
	"Os": [190.2, "Osmium", 76],
	"Ir": [192.22, "Iridium", 77],
	"Pt": [195.09, "Platinum", 78],
	"Au": [196.9665, "Gold", 79],
	"Hg": [200.59, "Mercury", 80],
	"Tl": [204.37, "Thallium", 81],
	"Pb": [207.2, "Lead", 82],
	"Bi": [208.9804, "Bismuth", 83],
	"Po": [209.0, "Polonium", 84],
	"At": [210.0, "Astatine", 85],
	"Rn": [222.0, "Radon", 86],
	"Fr": [223.0, "Francium", 87],
	"Ra": [226.0254, "Radium", 88],
	"Ac": [227.0278, "Actinium", 89],
	"Pa": [231.0359, "Protactinium", 91],
	"Th": [232.0381, "Thorium", 90],
	"Np": [237.0482, "Neptunium", 93],
	"U": [238.029, "Uranium", 92],
	"Pu": [242.0, "Plutonium", 94],
	"Am": [243.0, "Americium", 95],
	"Bk": [247.0, "Berkelium", 97],
	"Cm": [247.0, "Curium", 96],
	"No": [250.0, "Nobelium", 102],
	"Cf": [251.0, "Californium", 98],
	"Es": [252.0, "Einsteinium", 99],
	"Hs": [255.0, "Hassium", 108],
	"Mt": [256.0, "Meitnerium", 109],
	"Fm": [257.0, "Fermium", 100],
	"Md": [258.0, "Mendelevium", 101],
	"Lr": [260.0, "Lawrencium", 103],
	"Rf": [261.0, "Rutherfordium", 104],
	"Bh": [262.0, "Bohrium", 107],
	"Db": [262.0, "Dubnium", 105],
	"Sg": [263.0, "Seaborgium", 106],
	"Uun": [269.0, "Ununnilium", 110],
	"Uuu": [272.0, "Unununium", 111],
	"Uub": [277.0, "Ununbiium", 112]
}